{
  "id": "3g6rl",
  "category": "armor/combat",
  "name": {
    "type": "translation",
    "key": "item.arm.goplit.name",
    "args": {},
    "lines": {
      "ru": "Бронекостюм «Гоплит»",
      "en": "Hoplite Armored Suit"
    }
  },
  "color": "RANK_STALKER",
  "status": {
    "state": "PERSONAL_ON_USE"
  },
  "infoBlocks": [
    {
      "type": "list",
      "title": {
        "type": "text",
        "text": ""
      },
      "elements": [
        {
          "type": "key-value",
          "key": {
            "type": "translation",
            "key": "core.tooltip.info.rank",
            "args": {},
            "lines": {
              "ru": "Ранг",
              "en": "Rank"
            }
          },
          "value": {
            "type": "translation",
            "key": "core.rank.stalker",
            "args": {},
            "lines": {
              "ru": "Сталкер",
              "en": "Stalker"
            }
          }
        },
        {
          "type": "key-value",
          "key": {
            "type": "translation",
            "key": "core.tooltip.info.category",
            "args": {},
            "lines": {
              "ru": "Класс",
              "en": "Class"
            }
          },
          "value": {
            "type": "translation",
            "key": "core.handbook.category.combat",
            "args": {},
            "lines": {
              "ru": "Боевые",
              "en": "Combat"
            }
          }
        },
        {
          "type": "numeric",
          "name": {
            "type": "translation",
            "key": "core.tooltip.info.weight",
            "args": {},
            "lines": {
              "ru": "Вес",
              "en": "Weight"
            }
          },
          "value": 10.0,
          "formatted": {
            "value": {
              "ru": "10 кг",
              "en": "10 kg"
            },
            "nameColor": "838383",
            "valueColor": "838383"
          }
        },
        {
          "type": "numeric",
          "name": {
            "type": "translation",
            "key": "core.tooltip.info.durability",
            "args": {},
            "lines": {
              "ru": "Прочность",
              "en": "Durability"
            }
          },
          "value": 100.0,
          "formatted": {
            "value": {
              "ru": "100%",
              "en": "100%"
            },
            "nameColor": "838383",
            "valueColor": "838383"
          }
        },
        {
          "type": "numeric",
          "name": {
            "type": "translation",
            "key": "core.tooltip.info.max_durability",
            "args": {},
            "lines": {
              "ru": "Макс. прочность",
              "en": "Max. durability"
            }
          },
          "value": 100.0,
          "formatted": {
            "value": {
              "ru": "100%",
              "en": "100%"
            },
            "nameColor": "838383",
            "valueColor": "838383"
          }
        }
      ]
    },
    {
      "type": "list",
      "title": {
        "type": "text",
        "text": ""
      },
      "elements": []
    },
    {
      "type": "list",
      "title": {
        "type": "text",
        "text": ""
      },
      "elements": [
        {
          "type": "numeric",
          "name": {
            "type": "translation",
            "key": "stalker.artefact_properties.factor.stamina_bonus",
            "args": {},
            "lines": {
              "ru": "Выносливость",
              "en": "Stamina"
            }
          },
          "value": -5.0,
          "formatted": {
            "value": {
              "ru": "-5%",
              "en": "-5%"
            },
            "nameColor": "C15252",
            "valueColor": "C15252"
          }
        },
        {
          "type": "numeric",
          "name": {
            "type": "translation",
            "key": "stalker.artefact_properties.factor.speed_modifier",
            "args": {},
            "lines": {
              "ru": "Скорость передвижения",
              "en": "Movement speed"
            }
          },
          "value": -2.0,
          "formatted": {
            "value": {
              "ru": "-2%",
              "en": "-2%"
            },
            "nameColor": "C15252",
            "valueColor": "C15252"
          }
        },
        {
          "type": "numeric",
          "name": {
            "type": "translation",
            "key": "stalker.artefact_properties.factor.max_weight_bonus",
            "args": {},
            "lines": {
              "ru": "Переносимый вес",
              "en": "Carry weight"
            }
          },
          "value": 9.0,
          "formatted": {
            "value": {
              "ru": "+9",
              "en": "+9"
            },
            "nameColor": "53C353",
            "valueColor": "53C353"
          }
        }
      ]
    },
    {
      "type": "list",
      "title": {
        "type": "text",
        "text": ""
      },
      "elements": [
        {
          "type": "numeric",
          "name": {
            "type": "translation",
            "key": "stalker.artefact_properties.factor.bullet_dmg_factor",
            "args": {},
            "lines": {
              "ru": "Пулестойкость",
              "en": "Bullet resistance"
            }
          },
          "value": 122.0,
          "formatted": {
            "value": {
              "ru": "122",
              "en": "122"
            },
            "nameColor": "838383",
            "valueColor": "EEEEEE"
          }
        },
        {
          "type": "numeric",
          "name": {
            "type": "translation",
            "key": "stalker.artefact_properties.factor.tear_dmg_factor",
            "args": {},
            "lines": {
              "ru": "Защита от разрыва",
              "en": "Laceration protection"
            }
          },
          "value": 112.0,
          "formatted": {
            "value": {
              "ru": "112",
              "en": "112"
            },
            "nameColor": "838383",
            "valueColor": "EEEEEE"
          }
        },
        {
          "type": "numeric",
          "name": {
            "type": "translation",
            "key": "stalker.artefact_properties.factor.explosion_dmg_factor",
            "args": {},
            "lines": {
              "ru": "Защита от взрыва",
              "en": "Explosion protection"
            }
          },
          "value": 96.0,
          "formatted": {
            "value": {
              "ru": "96",
              "en": "96"
            },
            "nameColor": "838383",
            "valueColor": "EEEEEE"
          }
        },
        {
          "type": "numeric",
          "name": {
            "type": "translation",
            "key": "stalker.artefact_properties.factor.electra_dmg_factor",
            "args": {},
            "lines": {
              "ru": "Электрозащита",
              "en": "Resistance to electricity"
            }
          },
          "value": 20.0,
          "formatted": {
            "value": {
              "ru": "20",
              "en": "20"
            },
            "nameColor": "838383",
            "valueColor": "EEEEEE"
          }
        },
        {
          "type": "numeric",
          "name": {
            "type": "translation",
            "key": "stalker.artefact_properties.factor.burn_dmg_factor",
            "args": {},
            "lines": {
              "ru": "Защита от огня",
              "en": "Resistance to fire"
            }
          },
          "value": 20.0,
          "formatted": {
            "value": {
              "ru": "20",
              "en": "20"
            },
            "nameColor": "838383",
            "valueColor": "EEEEEE"
          }
        },
        {
          "type": "numeric",
          "name": {
            "type": "translation",
            "key": "stalker.artefact_properties.factor.chemical_burn_dmg_factor",
            "args": {},
            "lines": {
              "ru": "Химзащита",
              "en": "Resistance to chemicals"
            }
          },
          "value": 20.0,
          "formatted": {
            "value": {
              "ru": "20",
              "en": "20"
            },
            "nameColor": "838383",
            "valueColor": "EEEEEE"
          }
        },
        {
          "type": "numeric",
          "name": {
            "type": "translation",
            "key": "stalker.artefact_properties.factor.radiation_protection",
            "args": {},
            "lines": {
              "ru": "Защита от радиации",
              "en": "Radiation protection"
            }
          },
          "value": 120.0,
          "formatted": {
            "value": {
              "ru": "120",
              "en": "120"
            },
            "nameColor": "838383",
            "valueColor": "EEEEEE"
          }
        },
        {
          "type": "numeric",
          "name": {
            "type": "translation",
            "key": "stalker.artefact_properties.factor.thermal_protection",
            "args": {},
            "lines": {
              "ru": "Защита от температуры",
              "en": "Thermal protection"
            }
          },
          "value": 30.0,
          "formatted": {
            "value": {
              "ru": "30",
              "en": "30"
            },
            "nameColor": "838383",
            "valueColor": "EEEEEE"
          }
        },
        {
          "type": "numeric",
          "name": {
            "type": "translation",
            "key": "stalker.artefact_properties.factor.biological_protection",
            "args": {},
            "lines": {
              "ru": "Защита от биозаражения",
              "en": "Bioinfection protection"
            }
          },
          "value": 100.0,
          "formatted": {
            "value": {
              "ru": "100",
              "en": "100"
            },
            "nameColor": "838383",
            "valueColor": "EEEEEE"
          }
        },
        {
          "type": "numeric",
          "name": {
            "type": "translation",
            "key": "stalker.artefact_properties.factor.psycho_protection",
            "args": {},
            "lines": {
              "ru": "Защита от пси-излучения",
              "en": "Psy-Emission protection"
            }
          },
          "value": 40.0,
          "formatted": {
            "value": {
              "ru": "40",
              "en": "40"
            },
            "nameColor": "838383",
            "valueColor": "EEEEEE"
          }
        },
        {
          "type": "numeric",
          "name": {
            "type": "translation",
            "key": "stalker.artefact_properties.factor.bleeding_protection",
            "args": {},
            "lines": {
              "ru": "Защита от кровотечения",
              "en": "Bleeding Protection"
            }
          },
          "value": 50.0,
          "formatted": {
            "value": {
              "ru": "50%",
              "en": "50%"
            },
            "nameColor": "838383",
            "valueColor": "EEEEEE"
          }
        }
      ]
    },
    {
      "type": "text",
      "title": {
        "type": "translation",
        "key": "stalker.lore.armor_artefact.info.compatible_backpacks",
        "args": {},
        "lines": {
          "ru": "Совместимые рюкзаки",
          "en": "Compatible backpacks"
        }
      },
      "text": {
        "type": "translation",
        "key": "general.armor.compatibility.backpacks.superheavy",
        "args": {},
        "lines": {
          "ru": "Любые",
          "en": "Any"
        }
      }
    },
    {
      "type": "text",
      "title": {
        "type": "translation",
        "key": "stalker.lore.armor_artefact.info.compatible_containers",
        "args": {},
        "lines": {
          "ru": "Совместимые контейнеры",
          "en": "Compatible containers"
        }
      },
      "text": {
        "type": "translation",
        "key": "general.armor.compatibility.containers.bulky",
        "args": {},
        "lines": {
          "ru": "Любые",
          "en": "Any"
        }
      }
    },
    {
      "type": "text",
      "title": {
        "type": "text",
        "text": ""
      },
      "text": {
        "type": "translation",
        "key": "item.arm.goplit.description",
        "args": {},
        "lines": {
          "ru": "Отличная разгрузка с бронежилетом, надежный шлем и противогаз - отличный выбор для настоящего любителя пострелять. Но не стоит забывать, что в условиях Зоны важна не только защита от пуль.",
          "en": "An excellent utility vest with body armor, a reliable helmet, and a gas mask. It is an excellent choice for any true firearms connoisseur. But don’t forget that in the Zone, you need more than just protection from bullets."
        }
      }
    }
  ]
}