{
  "id": "5lr4q",
  "category": "armor/combat",
  "name": {
    "type": "translation",
    "key": "item.arm.yorsh.name",
    "args": {},
    "lines": {
      "ru": "Защитный бронекостюм «Йорш»",
      "en": "Yorsh Protective Armored Suit"
    }
  },
  "color": "RANK_VETERAN",
  "status": {
    "state": "PERSONAL_ON_USE"
  },
  "infoBlocks": [
    {
      "type": "list",
      "title": {
        "type": "text",
        "text": ""
      },
      "elements": [
        {
          "type": "key-value",
          "key": {
            "type": "translation",
            "key": "core.tooltip.info.rank",
            "args": {},
            "lines": {
              "ru": "Ранг",
              "en": "Rank"
            }
          },
          "value": {
            "type": "translation",
            "key": "core.rank.veteran",
            "args": {},
            "lines": {
              "ru": "Ветеран",
              "en": "Veteran"
            }
          }
        },
        {
          "type": "key-value",
          "key": {
            "type": "translation",
            "key": "core.tooltip.info.category",
            "args": {},
            "lines": {
              "ru": "Класс",
              "en": "Class"
            }
          },
          "value": {
            "type": "translation",
            "key": "core.handbook.category.combat",
            "args": {},
            "lines": {
              "ru": "Боевые",
              "en": "Combat"
            }
          }
        },
        {
          "type": "numeric",
          "name": {
            "type": "translation",
            "key": "core.tooltip.info.weight",
            "args": {},
            "lines": {
              "ru": "Вес",
              "en": "Weight"
            }
          },
          "value": 32.0,
          "formatted": {
            "value": {
              "ru": "32 кг",
              "en": "32 kg"
            },
            "nameColor": "838383",
            "valueColor": "838383"
          }
        },
        {
          "type": "numeric",
          "name": {
            "type": "translation",
            "key": "core.tooltip.info.durability",
            "args": {},
            "lines": {
              "ru": "Прочность",
              "en": "Durability"
            }
          },
          "value": 100.0,
          "formatted": {
            "value": {
              "ru": "100%",
              "en": "100%"
            },
            "nameColor": "838383",
            "valueColor": "838383"
          }
        },
        {
          "type": "numeric",
          "name": {
            "type": "translation",
            "key": "core.tooltip.info.max_durability",
            "args": {},
            "lines": {
              "ru": "Макс. прочность",
              "en": "Max. durability"
            }
          },
          "value": 100.0,
          "formatted": {
            "value": {
              "ru": "100%",
              "en": "100%"
            },
            "nameColor": "838383",
            "valueColor": "838383"
          }
        }
      ]
    },
    {
      "type": "list",
      "title": {
        "type": "text",
        "text": ""
      },
      "elements": []
    },
    {
      "type": "list",
      "title": {
        "type": "text",
        "text": ""
      },
      "elements": [
        {
          "type": "numeric",
          "name": {
            "type": "translation",
            "key": "stalker.artefact_properties.factor.stamina_bonus",
            "args": {},
            "lines": {
              "ru": "Выносливость",
              "en": "Stamina"
            }
          },
          "value": 20.0,
          "formatted": {
            "value": {
              "ru": "+20%",
              "en": "+20%"
            },
            "nameColor": "53C353",
            "valueColor": "53C353"
          }
        },
        {
          "type": "numeric",
          "name": {
            "type": "translation",
            "key": "stalker.artefact_properties.factor.speed_modifier",
            "args": {},
            "lines": {
              "ru": "Скорость передвижения",
              "en": "Movement speed"
            }
          },
          "value": -1.0,
          "formatted": {
            "value": {
              "ru": "-1%",
              "en": "-1%"
            },
            "nameColor": "C15252",
            "valueColor": "C15252"
          }
        },
        {
          "type": "numeric",
          "name": {
            "type": "translation",
            "key": "stalker.artefact_properties.factor.max_weight_bonus",
            "args": {},
            "lines": {
              "ru": "Переносимый вес",
              "en": "Carry weight"
            }
          },
          "value": 25.0,
          "formatted": {
            "value": {
              "ru": "+25",
              "en": "+25"
            },
            "nameColor": "53C353",
            "valueColor": "53C353"
          }
        },
        {
          "type": "text",
          "text": {
            "type": "translation",
            "key": "item.device.nvd1.name",
            "args": {},
            "lines": {
              "ru": "Прибор ночного видения",
              "en": "Night-Vision Goggles"
            }
          }
        }
      ]
    },
    {
      "type": "list",
      "title": {
        "type": "text",
        "text": ""
      },
      "elements": [
        {
          "type": "numeric",
          "name": {
            "type": "translation",
            "key": "stalker.artefact_properties.factor.bullet_dmg_factor",
            "args": {},
            "lines": {
              "ru": "Пулестойкость",
              "en": "Bullet resistance"
            }
          },
          "value": 166.0,
          "formatted": {
            "value": {
              "ru": "166",
              "en": "166"
            },
            "nameColor": "838383",
            "valueColor": "EEEEEE"
          }
        },
        {
          "type": "numeric",
          "name": {
            "type": "translation",
            "key": "stalker.artefact_properties.factor.tear_dmg_factor",
            "args": {},
            "lines": {
              "ru": "Защита от разрыва",
              "en": "Laceration protection"
            }
          },
          "value": 230.0,
          "formatted": {
            "value": {
              "ru": "230",
              "en": "230"
            },
            "nameColor": "838383",
            "valueColor": "EEEEEE"
          }
        },
        {
          "type": "numeric",
          "name": {
            "type": "translation",
            "key": "stalker.artefact_properties.factor.explosion_dmg_factor",
            "args": {},
            "lines": {
              "ru": "Защита от взрыва",
              "en": "Explosion protection"
            }
          },
          "value": 143.0,
          "formatted": {
            "value": {
              "ru": "143",
              "en": "143"
            },
            "nameColor": "838383",
            "valueColor": "EEEEEE"
          }
        },
        {
          "type": "numeric",
          "name": {
            "type": "translation",
            "key": "stalker.artefact_properties.factor.electra_dmg_factor",
            "args": {},
            "lines": {
              "ru": "Электрозащита",
              "en": "Resistance to electricity"
            }
          },
          "value": 300.0,
          "formatted": {
            "value": {
              "ru": "300",
              "en": "300"
            },
            "nameColor": "838383",
            "valueColor": "EEEEEE"
          }
        },
        {
          "type": "numeric",
          "name": {
            "type": "translation",
            "key": "stalker.artefact_properties.factor.burn_dmg_factor",
            "args": {},
            "lines": {
              "ru": "Защита от огня",
              "en": "Resistance to fire"
            }
          },
          "value": 40.0,
          "formatted": {
            "value": {
              "ru": "40",
              "en": "40"
            },
            "nameColor": "838383",
            "valueColor": "EEEEEE"
          }
        },
        {
          "type": "numeric",
          "name": {
            "type": "translation",
            "key": "stalker.artefact_properties.factor.chemical_burn_dmg_factor",
            "args": {},
            "lines": {
              "ru": "Химзащита",
              "en": "Resistance to chemicals"
            }
          },
          "value": 40.0,
          "formatted": {
            "value": {
              "ru": "40",
              "en": "40"
            },
            "nameColor": "838383",
            "valueColor": "EEEEEE"
          }
        },
        {
          "type": "numeric",
          "name": {
            "type": "translation",
            "key": "stalker.artefact_properties.factor.radiation_protection",
            "args": {},
            "lines": {
              "ru": "Защита от радиации",
              "en": "Radiation protection"
            }
          },
          "value": 220.0,
          "formatted": {
            "value": {
              "ru": "220",
              "en": "220"
            },
            "nameColor": "838383",
            "valueColor": "EEEEEE"
          }
        },
        {
          "type": "numeric",
          "name": {
            "type": "translation",
            "key": "stalker.artefact_properties.factor.thermal_protection",
            "args": {},
            "lines": {
              "ru": "Защита от температуры",
              "en": "Thermal protection"
            }
          },
          "value": 120.0,
          "formatted": {
            "value": {
              "ru": "120",
              "en": "120"
            },
            "nameColor": "838383",
            "valueColor": "EEEEEE"
          }
        },
        {
          "type": "numeric",
          "name": {
            "type": "translation",
            "key": "stalker.artefact_properties.factor.biological_protection",
            "args": {},
            "lines": {
              "ru": "Защита от биозаражения",
              "en": "Bioinfection protection"
            }
          },
          "value": 220.0,
          "formatted": {
            "value": {
              "ru": "220",
              "en": "220"
            },
            "nameColor": "838383",
            "valueColor": "EEEEEE"
          }
        },
        {
          "type": "numeric",
          "name": {
            "type": "translation",
            "key": "stalker.artefact_properties.factor.psycho_protection",
            "args": {},
            "lines": {
              "ru": "Защита от пси-излучения",
              "en": "Psy-Emission protection"
            }
          },
          "value": 190.0,
          "formatted": {
            "value": {
              "ru": "190",
              "en": "190"
            },
            "nameColor": "838383",
            "valueColor": "EEEEEE"
          }
        },
        {
          "type": "numeric",
          "name": {
            "type": "translation",
            "key": "stalker.artefact_properties.factor.bleeding_protection",
            "args": {},
            "lines": {
              "ru": "Защита от кровотечения",
              "en": "Bleeding Protection"
            }
          },
          "value": 65.0,
          "formatted": {
            "value": {
              "ru": "65%",
              "en": "65%"
            },
            "nameColor": "838383",
            "valueColor": "EEEEEE"
          }
        }
      ]
    },
    {
      "type": "text",
      "title": {
        "type": "translation",
        "key": "stalker.lore.armor_artefact.info.compatible_backpacks",
        "args": {},
        "lines": {
          "ru": "Совместимые рюкзаки",
          "en": "Compatible backpacks"
        }
      },
      "text": {
        "type": "translation",
        "key": "general.armor.compatibility.backpacks.light",
        "args": {},
        "lines": {
          "ru": "Только легкие",
          "en": "Only light"
        }
      }
    },
    {
      "type": "text",
      "title": {
        "type": "translation",
        "key": "stalker.lore.armor_artefact.info.compatible_containers",
        "args": {},
        "lines": {
          "ru": "Совместимые контейнеры",
          "en": "Compatible containers"
        }
      },
      "text": {
        "type": "translation",
        "key": "general.armor.compatibility.containers.spacious",
        "args": {},
        "lines": {
          "ru": "Кроме громоздких",
          "en": "Except bulky ones"
        }
      }
    },
    {
      "type": "text",
      "title": {
        "type": "text",
        "text": ""
      },
      "text": {
        "type": "translation",
        "key": "item.arm.yorsh.description",
        "args": {},
        "lines": {
          "ru": "Многоцелевая платформа, собранная из разнородных узлов и модулей. Собрана умельцами из остатков пришедших в негодность бронекомплектов. К большому удивлению, эта система вышла крайне удачной, хоть и не слишком надежной. Главной инженерной особенностью данного комплекта является система рассеивания внешнего электрического импульса, выполненная посредством внешних болтов-разрядников, соединенных в единую систему и представляющую  подобие клетки Фарадея. Торчащие наружу болты также обеспечивают отличную защиту от большинства представителей местной фауны и придают данному костюму уникальный и запоминающийся внешний вид.",
          "en": "A multipurpose platform made from various types of components and modules. Assembled by tinkerers from the remains of broken armor sets. Surprisingly, this system came out very well, although it’s not particularly reliable. The main engineering feature of this set is the external electrical impulse dissipation system. Made up of external bolt surge dischargers combined into a single system, it creates a kind of Faraday cage. The bolts sticking out on top also provide excellent protection from most local fauna and give this suit a unique and eye-catching appearance."
        }
      }
    }
  ]
}