{
  "id": "96yz0",
  "category": "armor/combat",
  "name": {
    "type": "translation",
    "key": "item.arm.reiter.name",
    "args": {},
    "lines": {
      "ru": "Сверхтяжелый бронекостюм «Рейтар»",
      "en": "Reiter Super-Heavy Armored Suit"
    }
  },
  "color": "RANK_MASTER",
  "status": {
    "state": "PERSONAL_ON_USE"
  },
  "infoBlocks": [
    {
      "type": "list",
      "title": {
        "type": "text",
        "text": ""
      },
      "elements": [
        {
          "type": "key-value",
          "key": {
            "type": "translation",
            "key": "core.tooltip.info.rank",
            "args": {},
            "lines": {
              "ru": "Ранг",
              "en": "Rank"
            }
          },
          "value": {
            "type": "translation",
            "key": "core.rank.master",
            "args": {},
            "lines": {
              "ru": "Мастер",
              "en": "Master"
            }
          }
        },
        {
          "type": "key-value",
          "key": {
            "type": "translation",
            "key": "core.tooltip.info.category",
            "args": {},
            "lines": {
              "ru": "Класс",
              "en": "Class"
            }
          },
          "value": {
            "type": "translation",
            "key": "core.handbook.category.combat",
            "args": {},
            "lines": {
              "ru": "Боевые",
              "en": "Combat"
            }
          }
        },
        {
          "type": "numeric",
          "name": {
            "type": "translation",
            "key": "core.tooltip.info.weight",
            "args": {},
            "lines": {
              "ru": "Вес",
              "en": "Weight"
            }
          },
          "value": 65.0,
          "formatted": {
            "value": {
              "ru": "65 кг",
              "en": "65 kg"
            },
            "nameColor": "838383",
            "valueColor": "838383"
          }
        },
        {
          "type": "numeric",
          "name": {
            "type": "translation",
            "key": "core.tooltip.info.durability",
            "args": {},
            "lines": {
              "ru": "Прочность",
              "en": "Durability"
            }
          },
          "value": 100.0,
          "formatted": {
            "value": {
              "ru": "100%",
              "en": "100%"
            },
            "nameColor": "838383",
            "valueColor": "838383"
          }
        },
        {
          "type": "numeric",
          "name": {
            "type": "translation",
            "key": "core.tooltip.info.max_durability",
            "args": {},
            "lines": {
              "ru": "Макс. прочность",
              "en": "Max. durability"
            }
          },
          "value": 100.0,
          "formatted": {
            "value": {
              "ru": "100%",
              "en": "100%"
            },
            "nameColor": "838383",
            "valueColor": "838383"
          }
        }
      ]
    },
    {
      "type": "list",
      "title": {
        "type": "text",
        "text": ""
      },
      "elements": []
    },
    {
      "type": "list",
      "title": {
        "type": "text",
        "text": ""
      },
      "elements": [
        {
          "type": "numeric",
          "name": {
            "type": "translation",
            "key": "stalker.artefact_properties.factor.stamina_bonus",
            "args": {},
            "lines": {
              "ru": "Выносливость",
              "en": "Stamina"
            }
          },
          "value": -30.0,
          "formatted": {
            "value": {
              "ru": "-30%",
              "en": "-30%"
            },
            "nameColor": "C15252",
            "valueColor": "C15252"
          }
        },
        {
          "type": "numeric",
          "name": {
            "type": "translation",
            "key": "stalker.artefact_properties.factor.speed_modifier",
            "args": {},
            "lines": {
              "ru": "Скорость передвижения",
              "en": "Movement speed"
            }
          },
          "value": -15.0,
          "formatted": {
            "value": {
              "ru": "-15%",
              "en": "-15%"
            },
            "nameColor": "C15252",
            "valueColor": "C15252"
          }
        },
        {
          "type": "numeric",
          "name": {
            "type": "translation",
            "key": "stalker.artefact_properties.factor.max_weight_bonus",
            "args": {},
            "lines": {
              "ru": "Переносимый вес",
              "en": "Carry weight"
            }
          },
          "value": 10.0,
          "formatted": {
            "value": {
              "ru": "+10",
              "en": "+10"
            },
            "nameColor": "53C353",
            "valueColor": "53C353"
          }
        },
        {
          "type": "numeric",
          "name": {
            "type": "translation",
            "key": "stalker.artefact_properties.factor.stopping_protection",
            "args": {},
            "lines": {
              "ru": "Стойкость",
              "en": "Stability"
            }
          },
          "value": 30.0,
          "formatted": {
            "value": {
              "ru": "+30%",
              "en": "+30%"
            },
            "nameColor": "53C353",
            "valueColor": "53C353"
          }
        },
        {
          "type": "text",
          "text": {
            "type": "translation",
            "key": "item.device.nvd_black.name",
            "args": {},
            "lines": {
              "ru": "Боевой ПНВ",
              "en": "Combat NVG"
            }
          }
        }
      ]
    },
    {
      "type": "list",
      "title": {
        "type": "text",
        "text": ""
      },
      "elements": [
        {
          "type": "numeric",
          "name": {
            "type": "translation",
            "key": "stalker.artefact_properties.factor.bullet_dmg_factor",
            "args": {},
            "lines": {
              "ru": "Пулестойкость",
              "en": "Bullet resistance"
            }
          },
          "value": 279.0,
          "formatted": {
            "value": {
              "ru": "279",
              "en": "279"
            },
            "nameColor": "838383",
            "valueColor": "EEEEEE"
          }
        },
        {
          "type": "numeric",
          "name": {
            "type": "translation",
            "key": "stalker.artefact_properties.factor.tear_dmg_factor",
            "args": {},
            "lines": {
              "ru": "Защита от разрыва",
              "en": "Laceration protection"
            }
          },
          "value": 232.0,
          "formatted": {
            "value": {
              "ru": "232",
              "en": "232"
            },
            "nameColor": "838383",
            "valueColor": "EEEEEE"
          }
        },
        {
          "type": "numeric",
          "name": {
            "type": "translation",
            "key": "stalker.artefact_properties.factor.explosion_dmg_factor",
            "args": {},
            "lines": {
              "ru": "Защита от взрыва",
              "en": "Explosion protection"
            }
          },
          "value": 260.0,
          "formatted": {
            "value": {
              "ru": "260",
              "en": "260"
            },
            "nameColor": "838383",
            "valueColor": "EEEEEE"
          }
        },
        {
          "type": "numeric",
          "name": {
            "type": "translation",
            "key": "stalker.artefact_properties.factor.electra_dmg_factor",
            "args": {},
            "lines": {
              "ru": "Электрозащита",
              "en": "Resistance to electricity"
            }
          },
          "value": 50.0,
          "formatted": {
            "value": {
              "ru": "50",
              "en": "50"
            },
            "nameColor": "838383",
            "valueColor": "EEEEEE"
          }
        },
        {
          "type": "numeric",
          "name": {
            "type": "translation",
            "key": "stalker.artefact_properties.factor.burn_dmg_factor",
            "args": {},
            "lines": {
              "ru": "Защита от огня",
              "en": "Resistance to fire"
            }
          },
          "value": 50.0,
          "formatted": {
            "value": {
              "ru": "50",
              "en": "50"
            },
            "nameColor": "838383",
            "valueColor": "EEEEEE"
          }
        },
        {
          "type": "numeric",
          "name": {
            "type": "translation",
            "key": "stalker.artefact_properties.factor.chemical_burn_dmg_factor",
            "args": {},
            "lines": {
              "ru": "Химзащита",
              "en": "Resistance to chemicals"
            }
          },
          "value": 50.0,
          "formatted": {
            "value": {
              "ru": "50",
              "en": "50"
            },
            "nameColor": "838383",
            "valueColor": "EEEEEE"
          }
        },
        {
          "type": "numeric",
          "name": {
            "type": "translation",
            "key": "stalker.artefact_properties.factor.radiation_protection",
            "args": {},
            "lines": {
              "ru": "Защита от радиации",
              "en": "Radiation protection"
            }
          },
          "value": 200.0,
          "formatted": {
            "value": {
              "ru": "200",
              "en": "200"
            },
            "nameColor": "838383",
            "valueColor": "EEEEEE"
          }
        },
        {
          "type": "numeric",
          "name": {
            "type": "translation",
            "key": "stalker.artefact_properties.factor.thermal_protection",
            "args": {},
            "lines": {
              "ru": "Защита от температуры",
              "en": "Thermal protection"
            }
          },
          "value": 100.0,
          "formatted": {
            "value": {
              "ru": "100",
              "en": "100"
            },
            "nameColor": "838383",
            "valueColor": "EEEEEE"
          }
        },
        {
          "type": "numeric",
          "name": {
            "type": "translation",
            "key": "stalker.artefact_properties.factor.biological_protection",
            "args": {},
            "lines": {
              "ru": "Защита от биозаражения",
              "en": "Bioinfection protection"
            }
          },
          "value": 200.0,
          "formatted": {
            "value": {
              "ru": "200",
              "en": "200"
            },
            "nameColor": "838383",
            "valueColor": "EEEEEE"
          }
        },
        {
          "type": "numeric",
          "name": {
            "type": "translation",
            "key": "stalker.artefact_properties.factor.psycho_protection",
            "args": {},
            "lines": {
              "ru": "Защита от пси-излучения",
              "en": "Psy-Emission protection"
            }
          },
          "value": 200.0,
          "formatted": {
            "value": {
              "ru": "200",
              "en": "200"
            },
            "nameColor": "838383",
            "valueColor": "EEEEEE"
          }
        },
        {
          "type": "numeric",
          "name": {
            "type": "translation",
            "key": "stalker.artefact_properties.factor.bleeding_protection",
            "args": {},
            "lines": {
              "ru": "Защита от кровотечения",
              "en": "Bleeding Protection"
            }
          },
          "value": 60.0,
          "formatted": {
            "value": {
              "ru": "60%",
              "en": "60%"
            },
            "nameColor": "838383",
            "valueColor": "EEEEEE"
          }
        }
      ]
    },
    {
      "type": "list",
      "title": {
        "type": "translation",
        "key": "weapon.tooltip.weapon.info.feature",
        "args": {},
        "lines": {
          "ru": "Особенности",
          "en": "Features"
        }
      },
      "elements": [
        {
          "type": "text",
          "text": {
            "type": "translation",
            "key": "item.heavy.feature",
            "args": {},
            "lines": {
              "ru": "Игнорирует штраф скорости передвижения от оружия",
              "en": "Ignores a weapon’s movement speed penalty"
            }
          }
        }
      ]
    },
    {
      "type": "text",
      "title": {
        "type": "translation",
        "key": "stalker.lore.armor_artefact.info.compatible_backpacks",
        "args": {},
        "lines": {
          "ru": "Совместимые рюкзаки",
          "en": "Compatible backpacks"
        }
      },
      "text": {
        "type": "translation",
        "key": "general.armor.compatibility.backpacks.light",
        "args": {},
        "lines": {
          "ru": "Только легкие",
          "en": "Only light"
        }
      }
    },
    {
      "type": "text",
      "title": {
        "type": "translation",
        "key": "stalker.lore.armor_artefact.info.compatible_containers",
        "args": {},
        "lines": {
          "ru": "Совместимые контейнеры",
          "en": "Compatible containers"
        }
      },
      "text": {
        "type": "translation",
        "key": "general.armor.compatibility.containers.standard",
        "args": {},
        "lines": {
          "ru": "Компактные и стандартные",
          "en": "Compact and standard"
        }
      }
    },
    {
      "type": "text",
      "title": {
        "type": "text",
        "text": ""
      },
      "text": {
        "type": "translation",
        "key": "item.arm.reiter.description",
        "args": {},
        "lines": {
          "ru": "RS-124 «Reiter» - это сверхтяжелый бронекостюм, идеально подходящий для выживания в тяжелейших боевых условиях. Наемники получили доступ к «Рейтарам» благодаря широким связям своего предводителя, Мюллера. В Зоне обостряется война всех со всеми, а потому Мюллеру важно, чтобы его элитные бойцы получили лучшую защиту.",
          "en": "The RS-124 Reiter is a super-heavy armored suit, perfect for survival in intense combat situations. Mercenaries gained access to the Reiter model thanks to the broad connections of their leader, Muller. It’s dog-eat-dog in the Zone, and getting worse by the day, so Muller felt it was crucial to get his elite fighters the best protection."
        }
      }
    }
  ]
}