{
  "id": "dmgjj",
  "category": "armor/combat",
  "name": {
    "type": "translation",
    "key": "item.arm.berill_lech.name",
    "args": {},
    "lines": {
      "ru": "Лечебный Берилл",
      "en": "Healing Berill"
    }
  },
  "color": "RANK_STALKER",
  "status": {
    "state": "PERSONAL_ON_USE"
  },
  "infoBlocks": [
    {
      "type": "list",
      "title": {
        "type": "text",
        "text": ""
      },
      "elements": [
        {
          "type": "key-value",
          "key": {
            "type": "translation",
            "key": "core.tooltip.info.rank",
            "args": {},
            "lines": {
              "ru": "Ранг",
              "en": "Rank"
            }
          },
          "value": {
            "type": "translation",
            "key": "core.rank.stalker",
            "args": {},
            "lines": {
              "ru": "Сталкер",
              "en": "Stalker"
            }
          }
        },
        {
          "type": "key-value",
          "key": {
            "type": "translation",
            "key": "core.tooltip.info.category",
            "args": {},
            "lines": {
              "ru": "Класс",
              "en": "Class"
            }
          },
          "value": {
            "type": "translation",
            "key": "core.handbook.category.combat",
            "args": {},
            "lines": {
              "ru": "Боевые",
              "en": "Combat"
            }
          }
        },
        {
          "type": "numeric",
          "name": {
            "type": "translation",
            "key": "core.tooltip.info.weight",
            "args": {},
            "lines": {
              "ru": "Вес",
              "en": "Weight"
            }
          },
          "value": 9.0,
          "formatted": {
            "value": {
              "ru": "9 кг",
              "en": "9 kg"
            },
            "nameColor": "838383",
            "valueColor": "838383"
          }
        },
        {
          "type": "numeric",
          "name": {
            "type": "translation",
            "key": "core.tooltip.info.durability",
            "args": {},
            "lines": {
              "ru": "Прочность",
              "en": "Durability"
            }
          },
          "value": 100.0,
          "formatted": {
            "value": {
              "ru": "100%",
              "en": "100%"
            },
            "nameColor": "838383",
            "valueColor": "838383"
          }
        },
        {
          "type": "numeric",
          "name": {
            "type": "translation",
            "key": "core.tooltip.info.max_durability",
            "args": {},
            "lines": {
              "ru": "Макс. прочность",
              "en": "Max. durability"
            }
          },
          "value": 100.0,
          "formatted": {
            "value": {
              "ru": "100%",
              "en": "100%"
            },
            "nameColor": "838383",
            "valueColor": "838383"
          }
        }
      ]
    },
    {
      "type": "list",
      "title": {
        "type": "text",
        "text": ""
      },
      "elements": []
    },
    {
      "type": "list",
      "title": {
        "type": "text",
        "text": ""
      },
      "elements": [
        {
          "type": "numeric",
          "name": {
            "type": "translation",
            "key": "stalker.artefact_properties.factor.max_weight_bonus",
            "args": {},
            "lines": {
              "ru": "Переносимый вес",
              "en": "Carry weight"
            }
          },
          "value": 4.0,
          "formatted": {
            "value": {
              "ru": "+4",
              "en": "+4"
            },
            "nameColor": "53C353",
            "valueColor": "53C353"
          }
        },
        {
          "type": "numeric",
          "name": {
            "type": "translation",
            "key": "stalker.artefact_properties.factor.regeneration_bonus",
            "args": {},
            "lines": {
              "ru": "Регенерация здоровья",
              "en": "Health regeneration"
            }
          },
          "value": 4.0,
          "formatted": {
            "value": {
              "ru": "+4%",
              "en": "+4%"
            },
            "nameColor": "53C353",
            "valueColor": "53C353"
          }
        },
        {
          "type": "numeric",
          "name": {
            "type": "translation",
            "key": "stalker.artefact_properties.factor.stamina_regeneration_bonus",
            "args": {},
            "lines": {
              "ru": "Восстановление выносливости",
              "en": "Stamina regeneration"
            }
          },
          "value": 5.0,
          "formatted": {
            "value": {
              "ru": "+5%",
              "en": "+5%"
            },
            "nameColor": "53C353",
            "valueColor": "53C353"
          }
        }
      ]
    },
    {
      "type": "list",
      "title": {
        "type": "text",
        "text": ""
      },
      "elements": [
        {
          "type": "numeric",
          "name": {
            "type": "translation",
            "key": "stalker.artefact_properties.factor.bullet_dmg_factor",
            "args": {},
            "lines": {
              "ru": "Пулестойкость",
              "en": "Bullet resistance"
            }
          },
          "value": 83.38292,
          "formatted": {
            "value": {
              "ru": "83,38",
              "en": "83.38"
            },
            "nameColor": "838383",
            "valueColor": "EEEEEE"
          }
        },
        {
          "type": "numeric",
          "name": {
            "type": "translation",
            "key": "stalker.artefact_properties.factor.tear_dmg_factor",
            "args": {},
            "lines": {
              "ru": "Защита от разрыва",
              "en": "Laceration protection"
            }
          },
          "value": 72.0,
          "formatted": {
            "value": {
              "ru": "72",
              "en": "72"
            },
            "nameColor": "838383",
            "valueColor": "EEEEEE"
          }
        },
        {
          "type": "numeric",
          "name": {
            "type": "translation",
            "key": "stalker.artefact_properties.factor.explosion_dmg_factor",
            "args": {},
            "lines": {
              "ru": "Защита от взрыва",
              "en": "Explosion protection"
            }
          },
          "value": 62.0,
          "formatted": {
            "value": {
              "ru": "62",
              "en": "62"
            },
            "nameColor": "838383",
            "valueColor": "EEEEEE"
          }
        },
        {
          "type": "numeric",
          "name": {
            "type": "translation",
            "key": "stalker.artefact_properties.factor.electra_dmg_factor",
            "args": {},
            "lines": {
              "ru": "Электрозащита",
              "en": "Resistance to electricity"
            }
          },
          "value": 10.0,
          "formatted": {
            "value": {
              "ru": "10",
              "en": "10"
            },
            "nameColor": "838383",
            "valueColor": "EEEEEE"
          }
        },
        {
          "type": "numeric",
          "name": {
            "type": "translation",
            "key": "stalker.artefact_properties.factor.burn_dmg_factor",
            "args": {},
            "lines": {
              "ru": "Защита от огня",
              "en": "Resistance to fire"
            }
          },
          "value": 10.0,
          "formatted": {
            "value": {
              "ru": "10",
              "en": "10"
            },
            "nameColor": "838383",
            "valueColor": "EEEEEE"
          }
        },
        {
          "type": "numeric",
          "name": {
            "type": "translation",
            "key": "stalker.artefact_properties.factor.chemical_burn_dmg_factor",
            "args": {},
            "lines": {
              "ru": "Химзащита",
              "en": "Resistance to chemicals"
            }
          },
          "value": 10.0,
          "formatted": {
            "value": {
              "ru": "10",
              "en": "10"
            },
            "nameColor": "838383",
            "valueColor": "EEEEEE"
          }
        },
        {
          "type": "numeric",
          "name": {
            "type": "translation",
            "key": "stalker.artefact_properties.factor.radiation_protection",
            "args": {},
            "lines": {
              "ru": "Защита от радиации",
              "en": "Radiation protection"
            }
          },
          "value": 110.0,
          "formatted": {
            "value": {
              "ru": "110",
              "en": "110"
            },
            "nameColor": "838383",
            "valueColor": "EEEEEE"
          }
        },
        {
          "type": "numeric",
          "name": {
            "type": "translation",
            "key": "stalker.artefact_properties.factor.thermal_protection",
            "args": {},
            "lines": {
              "ru": "Защита от температуры",
              "en": "Thermal protection"
            }
          },
          "value": 40.0,
          "formatted": {
            "value": {
              "ru": "40",
              "en": "40"
            },
            "nameColor": "838383",
            "valueColor": "EEEEEE"
          }
        },
        {
          "type": "numeric",
          "name": {
            "type": "translation",
            "key": "stalker.artefact_properties.factor.biological_protection",
            "args": {},
            "lines": {
              "ru": "Защита от биозаражения",
              "en": "Bioinfection protection"
            }
          },
          "value": 100.0,
          "formatted": {
            "value": {
              "ru": "100",
              "en": "100"
            },
            "nameColor": "838383",
            "valueColor": "EEEEEE"
          }
        },
        {
          "type": "numeric",
          "name": {
            "type": "translation",
            "key": "stalker.artefact_properties.factor.psycho_protection",
            "args": {},
            "lines": {
              "ru": "Защита от пси-излучения",
              "en": "Psy-Emission protection"
            }
          },
          "value": 100.0,
          "formatted": {
            "value": {
              "ru": "100",
              "en": "100"
            },
            "nameColor": "838383",
            "valueColor": "EEEEEE"
          }
        },
        {
          "type": "numeric",
          "name": {
            "type": "translation",
            "key": "stalker.artefact_properties.factor.bleeding_protection",
            "args": {},
            "lines": {
              "ru": "Защита от кровотечения",
              "en": "Bleeding Protection"
            }
          },
          "value": 50.0,
          "formatted": {
            "value": {
              "ru": "50%",
              "en": "50%"
            },
            "nameColor": "838383",
            "valueColor": "EEEEEE"
          }
        }
      ]
    },
    {
      "type": "list",
      "title": {
        "type": "translation",
        "key": "stalker.tooltip.armor_artefact.info.upgrade_stats",
        "args": {},
        "lines": {
          "ru": "Характеристики модификации",
          "en": "Modification properties"
        }
      },
      "elements": [
        {
          "type": "numeric",
          "name": {
            "type": "translation",
            "key": "stalker.artefact_properties.factor.bullet_dmg_factor",
            "args": {},
            "lines": {
              "ru": "Пулестойкость",
              "en": "Bullet resistance"
            }
          },
          "value": 15.382924,
          "formatted": {
            "value": {
              "ru": "15,38",
              "en": "15.38"
            },
            "nameColor": "F1AA21",
            "valueColor": "F1AA21"
          }
        }
      ]
    },
    {
      "type": "text",
      "title": {
        "type": "translation",
        "key": "stalker.lore.armor_artefact.info.compatible_backpacks",
        "args": {},
        "lines": {
          "ru": "Совместимые рюкзаки",
          "en": "Compatible backpacks"
        }
      },
      "text": {
        "type": "translation",
        "key": "general.armor.compatibility.backpacks.superheavy",
        "args": {},
        "lines": {
          "ru": "Любые",
          "en": "Any"
        }
      }
    },
    {
      "type": "text",
      "title": {
        "type": "translation",
        "key": "stalker.lore.armor_artefact.info.compatible_containers",
        "args": {},
        "lines": {
          "ru": "Совместимые контейнеры",
          "en": "Compatible containers"
        }
      },
      "text": {
        "type": "translation",
        "key": "general.armor.compatibility.containers.bulky",
        "args": {},
        "lines": {
          "ru": "Любые",
          "en": "Any"
        }
      }
    },
    {
      "type": "text",
      "title": {
        "type": "text",
        "text": ""
      },
      "text": {
        "type": "translation",
        "key": "item.arm.berill_lech.description",
        "args": {},
        "lines": {
          "ru": "Подкладка пропитана специальной тонизирующей, заживляющей мазью. Ходят слухи, что лечит от похмелья, так что может поднять на ноги даже прапора Петровича.",
          "en": "The lining is soaked in a special invigorating, healing ointment. Rumor has it that it can cure a hangover, so it could even get Prapor Petrovich back on his feet."
        }
      }
    }
  ]
}