{
  "id": "4ql2r",
  "category": "armor/combat",
  "name": {
    "type": "translation",
    "key": "item.arm.bronj.name",
    "args": {},
    "lines": {
      "ru": "Куртка с бронежилетом",
      "en": "Jacket with Body Armor"
    }
  },
  "color": "DEFAULT",
  "status": {
    "state": "PERSONAL_ON_USE"
  },
  "infoBlocks": [
    {
      "type": "list",
      "title": {
        "type": "text",
        "text": ""
      },
      "elements": [
        {
          "type": "key-value",
          "key": {
            "type": "translation",
            "key": "core.tooltip.info.rank",
            "args": {},
            "lines": {
              "ru": "Ранг",
              "en": "Rank"
            }
          },
          "value": {
            "type": "translation",
            "key": "core.rank.picklock",
            "args": {},
            "lines": {
              "ru": "Отмычка",
              "en": "Picklock"
            }
          }
        },
        {
          "type": "key-value",
          "key": {
            "type": "translation",
            "key": "core.tooltip.info.category",
            "args": {},
            "lines": {
              "ru": "Класс",
              "en": "Class"
            }
          },
          "value": {
            "type": "translation",
            "key": "core.handbook.category.combat",
            "args": {},
            "lines": {
              "ru": "Боевые",
              "en": "Combat"
            }
          }
        },
        {
          "type": "numeric",
          "name": {
            "type": "translation",
            "key": "core.tooltip.info.weight",
            "args": {},
            "lines": {
              "ru": "Вес",
              "en": "Weight"
            }
          },
          "value": 4.0,
          "formatted": {
            "value": {
              "ru": "4 кг",
              "en": "4 kg"
            },
            "nameColor": "838383",
            "valueColor": "838383"
          }
        },
        {
          "type": "numeric",
          "name": {
            "type": "translation",
            "key": "core.tooltip.info.durability",
            "args": {},
            "lines": {
              "ru": "Прочность",
              "en": "Durability"
            }
          },
          "value": 100.0,
          "formatted": {
            "value": {
              "ru": "100%",
              "en": "100%"
            },
            "nameColor": "838383",
            "valueColor": "838383"
          }
        },
        {
          "type": "numeric",
          "name": {
            "type": "translation",
            "key": "core.tooltip.info.max_durability",
            "args": {},
            "lines": {
              "ru": "Макс. прочность",
              "en": "Max. durability"
            }
          },
          "value": 100.0,
          "formatted": {
            "value": {
              "ru": "100%",
              "en": "100%"
            },
            "nameColor": "838383",
            "valueColor": "838383"
          }
        }
      ]
    },
    {
      "type": "list",
      "title": {
        "type": "text",
        "text": ""
      },
      "elements": []
    },
    {
      "type": "list",
      "title": {
        "type": "text",
        "text": ""
      },
      "elements": [
        {
          "type": "numeric",
          "name": {
            "type": "translation",
            "key": "stalker.artefact_properties.factor.max_weight_bonus",
            "args": {},
            "lines": {
              "ru": "Переносимый вес",
              "en": "Carry weight"
            }
          },
          "value": 2.0,
          "formatted": {
            "value": {
              "ru": "+2",
              "en": "+2"
            },
            "nameColor": "53C353",
            "valueColor": "53C353"
          }
        }
      ]
    },
    {
      "type": "list",
      "title": {
        "type": "text",
        "text": ""
      },
      "elements": [
        {
          "type": "numeric",
          "name": {
            "type": "translation",
            "key": "stalker.artefact_properties.factor.bullet_dmg_factor",
            "args": {},
            "lines": {
              "ru": "Пулестойкость",
              "en": "Bullet resistance"
            }
          },
          "value": 43.649693,
          "formatted": {
            "value": {
              "ru": "43,65",
              "en": "43.65"
            },
            "nameColor": "838383",
            "valueColor": "EEEEEE"
          }
        },
        {
          "type": "numeric",
          "name": {
            "type": "translation",
            "key": "stalker.artefact_properties.factor.tear_dmg_factor",
            "args": {},
            "lines": {
              "ru": "Защита от разрыва",
              "en": "Laceration protection"
            }
          },
          "value": 49.0,
          "formatted": {
            "value": {
              "ru": "49",
              "en": "49"
            },
            "nameColor": "838383",
            "valueColor": "EEEEEE"
          }
        },
        {
          "type": "numeric",
          "name": {
            "type": "translation",
            "key": "stalker.artefact_properties.factor.explosion_dmg_factor",
            "args": {},
            "lines": {
              "ru": "Защита от взрыва",
              "en": "Explosion protection"
            }
          },
          "value": 35.0,
          "formatted": {
            "value": {
              "ru": "35",
              "en": "35"
            },
            "nameColor": "838383",
            "valueColor": "EEEEEE"
          }
        },
        {
          "type": "numeric",
          "name": {
            "type": "translation",
            "key": "stalker.artefact_properties.factor.electra_dmg_factor",
            "args": {},
            "lines": {
              "ru": "Электрозащита",
              "en": "Resistance to electricity"
            }
          },
          "value": 0.0,
          "formatted": {
            "value": {
              "ru": "0",
              "en": "0"
            },
            "nameColor": "838383",
            "valueColor": "EEEEEE"
          }
        },
        {
          "type": "numeric",
          "name": {
            "type": "translation",
            "key": "stalker.artefact_properties.factor.burn_dmg_factor",
            "args": {},
            "lines": {
              "ru": "Защита от огня",
              "en": "Resistance to fire"
            }
          },
          "value": 0.0,
          "formatted": {
            "value": {
              "ru": "0",
              "en": "0"
            },
            "nameColor": "838383",
            "valueColor": "EEEEEE"
          }
        },
        {
          "type": "numeric",
          "name": {
            "type": "translation",
            "key": "stalker.artefact_properties.factor.chemical_burn_dmg_factor",
            "args": {},
            "lines": {
              "ru": "Химзащита",
              "en": "Resistance to chemicals"
            }
          },
          "value": 0.0,
          "formatted": {
            "value": {
              "ru": "0",
              "en": "0"
            },
            "nameColor": "838383",
            "valueColor": "EEEEEE"
          }
        },
        {
          "type": "numeric",
          "name": {
            "type": "translation",
            "key": "stalker.artefact_properties.factor.radiation_protection",
            "args": {},
            "lines": {
              "ru": "Защита от радиации",
              "en": "Radiation protection"
            }
          },
          "value": 0.0,
          "formatted": {
            "value": {
              "ru": "0",
              "en": "0"
            },
            "nameColor": "838383",
            "valueColor": "EEEEEE"
          }
        },
        {
          "type": "numeric",
          "name": {
            "type": "translation",
            "key": "stalker.artefact_properties.factor.thermal_protection",
            "args": {},
            "lines": {
              "ru": "Защита от температуры",
              "en": "Thermal protection"
            }
          },
          "value": 0.0,
          "formatted": {
            "value": {
              "ru": "0",
              "en": "0"
            },
            "nameColor": "838383",
            "valueColor": "EEEEEE"
          }
        },
        {
          "type": "numeric",
          "name": {
            "type": "translation",
            "key": "stalker.artefact_properties.factor.biological_protection",
            "args": {},
            "lines": {
              "ru": "Защита от биозаражения",
              "en": "Bioinfection protection"
            }
          },
          "value": 0.0,
          "formatted": {
            "value": {
              "ru": "0",
              "en": "0"
            },
            "nameColor": "838383",
            "valueColor": "EEEEEE"
          }
        },
        {
          "type": "numeric",
          "name": {
            "type": "translation",
            "key": "stalker.artefact_properties.factor.psycho_protection",
            "args": {},
            "lines": {
              "ru": "Защита от пси-излучения",
              "en": "Psy-Emission protection"
            }
          },
          "value": 0.0,
          "formatted": {
            "value": {
              "ru": "0",
              "en": "0"
            },
            "nameColor": "838383",
            "valueColor": "EEEEEE"
          }
        },
        {
          "type": "numeric",
          "name": {
            "type": "translation",
            "key": "stalker.artefact_properties.factor.bleeding_protection",
            "args": {},
            "lines": {
              "ru": "Защита от кровотечения",
              "en": "Bleeding Protection"
            }
          },
          "value": 40.0,
          "formatted": {
            "value": {
              "ru": "40%",
              "en": "40%"
            },
            "nameColor": "838383",
            "valueColor": "EEEEEE"
          }
        }
      ]
    },
    {
      "type": "list",
      "title": {
        "type": "translation",
        "key": "stalker.tooltip.armor_artefact.info.upgrade_stats",
        "args": {},
        "lines": {
          "ru": "Характеристики модификации",
          "en": "Modification properties"
        }
      },
      "elements": [
        {
          "type": "numeric",
          "name": {
            "type": "translation",
            "key": "stalker.artefact_properties.factor.bullet_dmg_factor",
            "args": {},
            "lines": {
              "ru": "Пулестойкость",
              "en": "Bullet resistance"
            }
          },
          "value": 8.649694,
          "formatted": {
            "value": {
              "ru": "8,65",
              "en": "8.65"
            },
            "nameColor": "F1AA21",
            "valueColor": "F1AA21"
          }
        }
      ]
    },
    {
      "type": "text",
      "title": {
        "type": "translation",
        "key": "stalker.lore.armor_artefact.info.compatible_backpacks",
        "args": {},
        "lines": {
          "ru": "Совместимые рюкзаки",
          "en": "Compatible backpacks"
        }
      },
      "text": {
        "type": "translation",
        "key": "general.armor.compatibility.backpacks.superheavy",
        "args": {},
        "lines": {
          "ru": "Любые",
          "en": "Any"
        }
      }
    },
    {
      "type": "text",
      "title": {
        "type": "translation",
        "key": "stalker.lore.armor_artefact.info.compatible_containers",
        "args": {},
        "lines": {
          "ru": "Совместимые контейнеры",
          "en": "Compatible containers"
        }
      },
      "text": {
        "type": "translation",
        "key": "general.armor.compatibility.containers.bulky",
        "args": {},
        "lines": {
          "ru": "Любые",
          "en": "Any"
        }
      }
    },
    {
      "type": "text",
      "title": {
        "type": "text",
        "text": ""
      },
      "text": {
        "type": "translation",
        "key": "item.arm.bronj.description",
        "args": {},
        "lines": {
          "ru": "Куртка с удобным и надежным бронежилетом. Не стесняет движений.",
          "en": "A jacket with a comfortable and reliable body armor. Does not hinder movement."
        }
      }
    }
  ]
}