{
  "id": "dmgqj",
  "category": "armor/combat",
  "name": {
    "type": "translation",
    "key": "item.arm.vestcoat.name",
    "args": {},
    "lines": {
      "ru": "Охотничий плащ",
      "en": "Hunter’s Cloak"
    }
  },
  "color": "DEFAULT",
  "status": {
    "state": "PERSONAL_ON_USE"
  },
  "infoBlocks": [
    {
      "type": "list",
      "title": {
        "type": "text",
        "text": ""
      },
      "elements": [
        {
          "type": "key-value",
          "key": {
            "type": "translation",
            "key": "core.tooltip.info.rank",
            "args": {},
            "lines": {
              "ru": "Ранг",
              "en": "Rank"
            }
          },
          "value": {
            "type": "translation",
            "key": "core.rank.picklock",
            "args": {},
            "lines": {
              "ru": "Отмычка",
              "en": "Picklock"
            }
          }
        },
        {
          "type": "key-value",
          "key": {
            "type": "translation",
            "key": "core.tooltip.info.category",
            "args": {},
            "lines": {
              "ru": "Класс",
              "en": "Class"
            }
          },
          "value": {
            "type": "translation",
            "key": "core.handbook.category.combat",
            "args": {},
            "lines": {
              "ru": "Боевые",
              "en": "Combat"
            }
          }
        },
        {
          "type": "numeric",
          "name": {
            "type": "translation",
            "key": "core.tooltip.info.weight",
            "args": {},
            "lines": {
              "ru": "Вес",
              "en": "Weight"
            }
          },
          "value": 3.0,
          "formatted": {
            "value": {
              "ru": "3 кг",
              "en": "3 kg"
            },
            "nameColor": "838383",
            "valueColor": "838383"
          }
        },
        {
          "type": "numeric",
          "name": {
            "type": "translation",
            "key": "core.tooltip.info.durability",
            "args": {},
            "lines": {
              "ru": "Прочность",
              "en": "Durability"
            }
          },
          "value": 100.0,
          "formatted": {
            "value": {
              "ru": "100%",
              "en": "100%"
            },
            "nameColor": "838383",
            "valueColor": "838383"
          }
        },
        {
          "type": "numeric",
          "name": {
            "type": "translation",
            "key": "core.tooltip.info.max_durability",
            "args": {},
            "lines": {
              "ru": "Макс. прочность",
              "en": "Max. durability"
            }
          },
          "value": 100.0,
          "formatted": {
            "value": {
              "ru": "100%",
              "en": "100%"
            },
            "nameColor": "838383",
            "valueColor": "838383"
          }
        }
      ]
    },
    {
      "type": "list",
      "title": {
        "type": "text",
        "text": ""
      },
      "elements": []
    },
    {
      "type": "list",
      "title": {
        "type": "text",
        "text": ""
      },
      "elements": [
        {
          "type": "numeric",
          "name": {
            "type": "translation",
            "key": "stalker.artefact_properties.factor.max_weight_bonus",
            "args": {},
            "lines": {
              "ru": "Переносимый вес",
              "en": "Carry weight"
            }
          },
          "value": 5.0,
          "formatted": {
            "value": {
              "ru": "+5",
              "en": "+5"
            },
            "nameColor": "53C353",
            "valueColor": "53C353"
          }
        }
      ]
    },
    {
      "type": "list",
      "title": {
        "type": "text",
        "text": ""
      },
      "elements": [
        {
          "type": "numeric",
          "name": {
            "type": "translation",
            "key": "stalker.artefact_properties.factor.bullet_dmg_factor",
            "args": {},
            "lines": {
              "ru": "Пулестойкость",
              "en": "Bullet resistance"
            }
          },
          "value": 39.262806,
          "formatted": {
            "value": {
              "ru": "39,26",
              "en": "39.26"
            },
            "nameColor": "838383",
            "valueColor": "EEEEEE"
          }
        },
        {
          "type": "numeric",
          "name": {
            "type": "translation",
            "key": "stalker.artefact_properties.factor.tear_dmg_factor",
            "args": {},
            "lines": {
              "ru": "Защита от разрыва",
              "en": "Laceration protection"
            }
          },
          "value": 125.0,
          "formatted": {
            "value": {
              "ru": "125",
              "en": "125"
            },
            "nameColor": "838383",
            "valueColor": "EEEEEE"
          }
        },
        {
          "type": "numeric",
          "name": {
            "type": "translation",
            "key": "stalker.artefact_properties.factor.explosion_dmg_factor",
            "args": {},
            "lines": {
              "ru": "Защита от взрыва",
              "en": "Explosion protection"
            }
          },
          "value": 25.0,
          "formatted": {
            "value": {
              "ru": "25",
              "en": "25"
            },
            "nameColor": "838383",
            "valueColor": "EEEEEE"
          }
        },
        {
          "type": "numeric",
          "name": {
            "type": "translation",
            "key": "stalker.artefact_properties.factor.electra_dmg_factor",
            "args": {},
            "lines": {
              "ru": "Электрозащита",
              "en": "Resistance to electricity"
            }
          },
          "value": 0.0,
          "formatted": {
            "value": {
              "ru": "0",
              "en": "0"
            },
            "nameColor": "838383",
            "valueColor": "EEEEEE"
          }
        },
        {
          "type": "numeric",
          "name": {
            "type": "translation",
            "key": "stalker.artefact_properties.factor.burn_dmg_factor",
            "args": {},
            "lines": {
              "ru": "Защита от огня",
              "en": "Resistance to fire"
            }
          },
          "value": 0.0,
          "formatted": {
            "value": {
              "ru": "0",
              "en": "0"
            },
            "nameColor": "838383",
            "valueColor": "EEEEEE"
          }
        },
        {
          "type": "numeric",
          "name": {
            "type": "translation",
            "key": "stalker.artefact_properties.factor.chemical_burn_dmg_factor",
            "args": {},
            "lines": {
              "ru": "Химзащита",
              "en": "Resistance to chemicals"
            }
          },
          "value": 0.0,
          "formatted": {
            "value": {
              "ru": "0",
              "en": "0"
            },
            "nameColor": "838383",
            "valueColor": "EEEEEE"
          }
        },
        {
          "type": "numeric",
          "name": {
            "type": "translation",
            "key": "stalker.artefact_properties.factor.radiation_protection",
            "args": {},
            "lines": {
              "ru": "Защита от радиации",
              "en": "Radiation protection"
            }
          },
          "value": 10.0,
          "formatted": {
            "value": {
              "ru": "10",
              "en": "10"
            },
            "nameColor": "838383",
            "valueColor": "EEEEEE"
          }
        },
        {
          "type": "numeric",
          "name": {
            "type": "translation",
            "key": "stalker.artefact_properties.factor.thermal_protection",
            "args": {},
            "lines": {
              "ru": "Защита от температуры",
              "en": "Thermal protection"
            }
          },
          "value": 0.0,
          "formatted": {
            "value": {
              "ru": "0",
              "en": "0"
            },
            "nameColor": "838383",
            "valueColor": "EEEEEE"
          }
        },
        {
          "type": "numeric",
          "name": {
            "type": "translation",
            "key": "stalker.artefact_properties.factor.biological_protection",
            "args": {},
            "lines": {
              "ru": "Защита от биозаражения",
              "en": "Bioinfection protection"
            }
          },
          "value": 10.0,
          "formatted": {
            "value": {
              "ru": "10",
              "en": "10"
            },
            "nameColor": "838383",
            "valueColor": "EEEEEE"
          }
        },
        {
          "type": "numeric",
          "name": {
            "type": "translation",
            "key": "stalker.artefact_properties.factor.psycho_protection",
            "args": {},
            "lines": {
              "ru": "Защита от пси-излучения",
              "en": "Psy-Emission protection"
            }
          },
          "value": 0.0,
          "formatted": {
            "value": {
              "ru": "0",
              "en": "0"
            },
            "nameColor": "838383",
            "valueColor": "EEEEEE"
          }
        },
        {
          "type": "numeric",
          "name": {
            "type": "translation",
            "key": "stalker.artefact_properties.factor.bleeding_protection",
            "args": {},
            "lines": {
              "ru": "Защита от кровотечения",
              "en": "Bleeding Protection"
            }
          },
          "value": 50.0,
          "formatted": {
            "value": {
              "ru": "50%",
              "en": "50%"
            },
            "nameColor": "838383",
            "valueColor": "EEEEEE"
          }
        }
      ]
    },
    {
      "type": "list",
      "title": {
        "type": "translation",
        "key": "stalker.tooltip.armor_artefact.info.upgrade_stats",
        "args": {},
        "lines": {
          "ru": "Характеристики модификации",
          "en": "Modification properties"
        }
      },
      "elements": [
        {
          "type": "numeric",
          "name": {
            "type": "translation",
            "key": "stalker.artefact_properties.factor.bullet_dmg_factor",
            "args": {},
            "lines": {
              "ru": "Пулестойкость",
              "en": "Bullet resistance"
            }
          },
          "value": 1.2628047,
          "formatted": {
            "value": {
              "ru": "1,26",
              "en": "1.26"
            },
            "nameColor": "F1AA21",
            "valueColor": "F1AA21"
          }
        }
      ]
    },
    {
      "type": "text",
      "title": {
        "type": "translation",
        "key": "stalker.lore.armor_artefact.info.compatible_backpacks",
        "args": {},
        "lines": {
          "ru": "Совместимые рюкзаки",
          "en": "Compatible backpacks"
        }
      },
      "text": {
        "type": "translation",
        "key": "general.armor.compatibility.backpacks.superheavy",
        "args": {},
        "lines": {
          "ru": "Любые",
          "en": "Any"
        }
      }
    },
    {
      "type": "text",
      "title": {
        "type": "translation",
        "key": "stalker.lore.armor_artefact.info.compatible_containers",
        "args": {},
        "lines": {
          "ru": "Совместимые контейнеры",
          "en": "Compatible containers"
        }
      },
      "text": {
        "type": "translation",
        "key": "general.armor.compatibility.containers.bulky",
        "args": {},
        "lines": {
          "ru": "Любые",
          "en": "Any"
        }
      }
    },
    {
      "type": "text",
      "title": {
        "type": "text",
        "text": ""
      },
      "text": {
        "type": "translation",
        "key": "item.arm.vestcoat.description",
        "args": {},
        "lines": {
          "ru": "Поверх плотного непромокаемого плаща одета массивная разгрузка с бронежилетом, которая позволяет повысить объем переносимых ресурсов.",
          "en": "Over this thick, waterproof cloak, one can wear a large utility vest with body armor, which allows you to increase the amount of resources that can be carried."
        }
      }
    }
  ]
}